{
	"partitions" : [
		{
			"name" : "Top",
			"pins" : [
				{
					"name" : "seg7_num1[0]",
					"strict" : false
				},
				{
					"name" : "seg7_num1[1]",
					"strict" : false
				},
				{
					"name" : "seg7_num1[2]",
					"strict" : false
				},
				{
					"name" : "seg7_num1[3]",
					"strict" : false
				},
				{
					"name" : "seg7_num1[4]",
					"strict" : false
				},
				{
					"name" : "seg7_num1[5]",
					"strict" : false
				},
				{
					"name" : "seg7_num1[6]",
					"strict" : false
				},
				{
					"name" : "seg7_num2[0]",
					"strict" : false
				},
				{
					"name" : "seg7_num2[1]",
					"strict" : false
				},
				{
					"name" : "seg7_num2[2]",
					"strict" : false
				},
				{
					"name" : "seg7_num2[3]",
					"strict" : false
				},
				{
					"name" : "seg7_num2[4]",
					"strict" : false
				},
				{
					"name" : "seg7_num2[5]",
					"strict" : false
				},
				{
					"name" : "seg7_num2[6]",
					"strict" : false
				},
				{
					"name" : "seg7_num3[0]",
					"strict" : false
				},
				{
					"name" : "seg7_num3[1]",
					"strict" : false
				},
				{
					"name" : "seg7_num3[2]",
					"strict" : false
				},
				{
					"name" : "seg7_num3[3]",
					"strict" : false
				},
				{
					"name" : "seg7_num3[4]",
					"strict" : false
				},
				{
					"name" : "seg7_num3[5]",
					"strict" : false
				},
				{
					"name" : "seg7_num3[6]",
					"strict" : false
				},
				{
					"name" : "seg7_num4[0]",
					"strict" : false
				},
				{
					"name" : "seg7_num4[1]",
					"strict" : false
				},
				{
					"name" : "seg7_num4[2]",
					"strict" : false
				},
				{
					"name" : "seg7_num4[3]",
					"strict" : false
				},
				{
					"name" : "seg7_num4[4]",
					"strict" : false
				},
				{
					"name" : "seg7_num4[5]",
					"strict" : false
				},
				{
					"name" : "seg7_num4[6]",
					"strict" : false
				},
				{
					"name" : "seg7_num5[0]",
					"strict" : false
				},
				{
					"name" : "seg7_num5[1]",
					"strict" : false
				},
				{
					"name" : "seg7_num5[2]",
					"strict" : false
				},
				{
					"name" : "seg7_num5[3]",
					"strict" : false
				},
				{
					"name" : "seg7_num5[4]",
					"strict" : false
				},
				{
					"name" : "seg7_num5[5]",
					"strict" : false
				},
				{
					"name" : "seg7_num5[6]",
					"strict" : false
				},
				{
					"name" : "seg7_num6[0]",
					"strict" : false
				},
				{
					"name" : "seg7_num6[1]",
					"strict" : false
				},
				{
					"name" : "seg7_num6[2]",
					"strict" : false
				},
				{
					"name" : "seg7_num6[3]",
					"strict" : false
				},
				{
					"name" : "seg7_num6[4]",
					"strict" : false
				},
				{
					"name" : "seg7_num6[5]",
					"strict" : false
				},
				{
					"name" : "seg7_num6[6]",
					"strict" : false
				},
				{
					"name" : "light_r_gp",
					"strict" : false
				},
				{
					"name" : "light_g_gp",
					"strict" : false
				},
				{
					"name" : "r_pv",
					"strict" : false
				},
				{
					"name" : "g_pv",
					"strict" : false
				},
				{
					"name" : "LED_1",
					"strict" : false
				},
				{
					"name" : "LED_2",
					"strict" : false
				},
				{
					"name" : "enable",
					"strict" : false
				},
				{
					"name" : "button_rst",
					"strict" : false
				},
				{
					"name" : "clk",
					"strict" : false
				},
				{
					"name" : "switch_num2[0]",
					"strict" : false
				},
				{
					"name" : "switch_num2[1]",
					"strict" : false
				},
				{
					"name" : "switch_num2[2]",
					"strict" : false
				},
				{
					"name" : "switch_num2[3]",
					"strict" : false
				},
				{
					"name" : "switch_num3[3]",
					"strict" : false
				},
				{
					"name" : "switch_num3[1]",
					"strict" : false
				},
				{
					"name" : "switch_num3[2]",
					"strict" : false
				},
				{
					"name" : "switch_num3[0]",
					"strict" : false
				},
				{
					"name" : "switch_num4[3]",
					"strict" : false
				},
				{
					"name" : "switch_num4[1]",
					"strict" : false
				},
				{
					"name" : "switch_num4[2]",
					"strict" : false
				},
				{
					"name" : "switch_num4[0]",
					"strict" : false
				},
				{
					"name" : "button_num1",
					"strict" : false
				},
				{
					"name" : "button_load",
					"strict" : false
				},
				{
					"name" : "button_num2",
					"strict" : false
				},
				{
					"name" : "switch_num5[0]",
					"strict" : false
				},
				{
					"name" : "switch_num5[2]",
					"strict" : false
				},
				{
					"name" : "switch_num5[1]",
					"strict" : false
				},
				{
					"name" : "switch_num5[3]",
					"strict" : false
				}
			]
		}
	]
}